"id","LDR1","LDR2","button"
"2","558","95","175"
"3","559","95","182"
"4","559","95","172"
"5","559","96","184"
"6","562","97","175"
"7","554","94","173"
"8","558","95","176"
"9","559","95","184"
"10","564","97","181"
"11","562","96","185"
"12","562","96","184"
"13","564","97","185"
"14","563","96","185"
"15","564","97","176"
"16","563","96","186"
"17","562","95","174"
"18","562","95","185"
"19","564","96","181"
"20","562","95","181"
"21","562","95","181"
"22","561","95","179"
"23","562","96","178"
"24","562","96","181"
"25","562","96","183"
"26","565","97","184"
"27","563","96","181"
"28","565","98","184"
"29","563","96","183"
"30","563","96","181"
"31","563","97","183"
"32","565","98","184"
"33","524","79","171"
"34","559","96","180"
"35","559","96","186"
"36","553","94","180"
"37","554","94","179"
"38","555","95","178"
"39","550","93","183"
"40","552","94","177"
"41","555","95","183"
"42","552","94","181"
"43","551","93","179"
"44","549","93","183"
"45","549","94","180"
"46","544","88","183"
"47","555","696","289"
"48","556","695","288"
"49","560","701","288"
"50","558","697","288"
"51","558","697","288"
"52","556","696","288"
"53","554","695","289"
"54","556","697","288"
"55","555","695","288"
"56","556","696","288"
"57","555","695","288"
"58","555","696","288"
"59","558","700","288"
"60","505","655","288"
"61","499","645","288"
"62","486","622","288"
"63","544","687","289"
"64","547","691","288"
"65","554","696","289"
"66","556","698","289"
"67","557","699","289"
"68","514","635","289"
"69","523","666","288"
"70","498","666","288"
"71","833","665","395"
"72","833","627","395"
"73","833","666","395"
"74","834","664","395"
"75","540","665","288"
"76","521","666","288"
"77","835","667","395"
"78","835","669","395"
"79","834","664","395"
"80","834","664","395"
"81","835","669","394"
"82","541","664","287"
"83","540","664","287"
"84","540","663","288"
"85","834","665","395"
"86","834","664","394"
"87","835","690","395"
"88","835","692","394"
"89","604","689","287"
"90","555","690","288"
"91","558","693","287"
"92","559","697","288"
"93","549","685","288"
"94","557","698","288"
"95","558","700","288"
"96","558","697","288"
"97","559","699","288"
"98","557","698","288"
"99","556","696","288"
"100","557","697","288"
"101","561","702","288"
"102","562","702","288"
"103","488","626","288"
"104","555","697","288"
"105","556","700","288"
"106","552","690","287"
"107","499","646","288"
"108","539","647","288"
"109","382","507","287"
"110","362","489","284"
"111","409","443","281"
"112","465","485","287"
"113","468","562","288"
"114","468","568","287"
"115","469","570","288"
"116","487","616","288"
"117","495","625","288"
"118","491","632","288"
"119","381","486","286"
"120","344","439","283"
"121","320","407","278"
"122","314","394","274"
"123","316","433","280"
"124","323","437","283"
"125","310","431","282"
"126","319","436","283"
"127","361","474","286"
"128","383","480","284"
"129","388","476","284"
"130","437","488","286"
"131","454","519","287"
"132","550","696","288"
"133","544","692","288"
"134","564","703","288"
"135","564","701","288"
"136","563","702","288"
"137","565","704","288"
"138","563","703","288"
"139","563","702","288"
"140","565","703","288"
"141","564","704","288"
"142","563","702","288"
"143","562","702","288"
"144","566","707","288"
"145","566","707","288"
"146","564","703","288"
"147","563","703","288"
"148","556","699","288"
"149","542","695","288"
"150","338","475","284"
"151","302","444","284"
"152","287","437","279"
"153","297","450","279"
"154","374","474","286"
"155","464","582","288"
"156","496","635","288"
"157","513","638","288"
"158","548","704","288"
"159","548","676","288"
"160","521","682","288"
"161","831","629","395"
"162","830","548","395"
"163","829","506","395"
"164","829","508","395"
"165","380","509","286"
"166","825","438","395"
"167","823","369","394"
"168","294","328","257"
"169","826","316","395"
"170","826","324","395"
"171","828","465","394"
"172","825","308","394"
"173","307","261","219"
"174","285","300","233"
"175","293","375","271"
"176","827","415","395"
"177","829","620","394"
"178","831","677","395"
"179","515","687","287"
"180","466","657","287"
"181","466","632","287"
"182","831","625","395"
"183","834","688","395"
"184","834","688","395"
"185","833","688","394"
"186","543","688","287"
"187","530","690","288"
"188","532","692","287"
"189","540","695","288"
"190","539","693","288"
"191","533","690","288"
"192","535","694","288"
"193","532","689","288"
"194","532","689","288"
"195","545","698","288"
"196","549","699","288"
"197","550","703","288"
"198","541","693","288"
"199","543","695","288"
"200","541","692","288"
"201","540","692","288"
"202","541","695","288"
"203","834","688","395"
"204","834","680","395"
"205","834","690","394"
"206","834","692","395"
"207","834","680","394"
"208","551","682","287"
"209","535","692","288"
"210","453","687","288"
"211","339","698","287"
"212","877","692","395"
"213","879","688","395"
"214","880","688","394"
"215","858","691","394"
"216","855","692","394"
"217","435","694","286"
"218","339","697","287"
"219","329","696","30"
"220","345","699","94"
"221","554","693","287"
"222","860","689","394"
"223","859","687","394"
"224","859","687","394"
"225","859","685","394"
"226","556","688","286"
"227","558","686","286"
"228","565","698","287"
"229","562","693","287"
"230","859","693","394"
"231","858","690","394"
"232","857","691","394"
"233","561","686","286"
"234","561","671","287"
"235","570","696","287"
"236","569","698","287"
"237","572","700","287"
"238","569","695","287"
"239","568","694","287"
"240","569","694","287"
"241","567","690","287"
"242","568","691","287"
"243","568","692","288"
"244","551","668","287"
"245","552","663","287"
"246","856","666","394"
"247","856","670","394"
"248","856","668","394"
"249","856","667","394"
"250","856","668","394"
"251","856","674","394"
"252","554","668","287"
"253","555","670","287"
"254","551","665","287"
"255","549","664","287"
"256","554","667","286"
"257","856","670","394"
"258","857","670","394"
"259","856","668","393"
"260","856","670","394"
"261","855","673","394"
"262","852","655","394"
"263","400","656","286"
"264","417","656","286"
"265","454","656","286"
"266","424","656","287"
"267","304","648","287"
"268","349","639","287"
"269","372","639","287"
"270","521","644","287"
"271","691","670","394"
"272","693","677","394"
"273","691","668","393"
"274","690","665","394"
"275","544","583","285"
"276","552","658","286"
"277","537","689","286"
"278","420","671","286"
"279","417","677","15"
"280","419","683","286"
"281","553","678","286"
"282","813","671","393"
"283","813","668","393"
"284","813","666","393"
"285","814","674","393"
"286","813","670","393"
"287","813","675","393"
"288","813","669","393"
"289","812","667","393"
"290","555","668","286"
"291","559","676","286"
"292","465","664","285"
"293","440","666","286"
"294","416","671","286"
"295","464","671","286"
"296","563","683","286"
"297","548","654","286"
"298","814","654","393"
"299","814","654","393"
"300","814","657","393"
"301","814","656","393"
"302","814","655","393"
"303","814","655","393"
"304","814","659","393"
"305","814","663","393"
"306","814","658","393"
"307","813","658","393"
"308","814","658","393"
"309","814","659","393"
"310","814","662","393"
"311","814","659","393"
"312","814","661","393"
"313","814","664","393"
"314","814","659","393"
"315","814","659","393"
"316","814","664","393"
"317","814","664","393"
"318","569","700","286"
"319","573","698","286"
"320","574","699","286"
"321","571","698","286"
"322","571","698","286"
"323","573","699","286"
"324","573","698","287"
"325","573","699","287"
"326","574","699","286"
"327","577","703","287"
"328","570","700","287"
"329","561","681","286"
"330","815","677","394"
"331","815","681","394"
"332","816","688","393"
"333","816","689","393"
"334","816","693","393"
"335","816","694","393"
"336","815","691","393"
"337","815","689","394"
"338","566","697","285"
"339","567","698","286"
"340","571","703","286"
"341","567","698","286"
"342","567","699","287"
"343","568","698","286"
"344","569","701","286"
"345","567","698","286"
"346","567","697","286"
"347","567","698","286"
"348","570","702","286"
"349","567","698","287"
"350","567","698","286"
"351","566","696","287"
"352","816","694","394"
"353","816","699","394"
"354","815","695","393"
"355","815","697","393"
"356","816","699","393"
"357","571","701","286"
"358","567","699","286"
"359","564","686","286"
"360","573","700","287"
"361","575","703","286"
"362","578","703","287"
"363","583","708","287"
"364","582","704","287"
"365","587","708","287"
"366","585","708","286"
"367","582","703","287"
"368","583","704","286"
"369","584","705","287"
"370","584","704","287"
"371","584","704","287"
"372","583","704","287"
"373","582","704","287"
"374","582","707","287"
"375","577","703","287"
"376","500","637","287"
"377","562","692","287"
"378","564","692","287"
"379","575","703","287"
"380","578","705","287"
"381","576","700","287"
"382","576","703","287"
"383","579","703","287"
"384","577","701","287"
"385","580","705","287"
"386","575","705","287"
"387","579","703","287"
"388","616","734","287"
"389","604","725","288"
"390","821","719","394"
"391","817","709","394"
"392","818","717","393"
"393","819","727","394"
"394","599","733","286"
"395","603","742","286"
"396","611","751","287"
"397","821","754","394"
"398","822","761","394"
"399","823","766","394"
"400","624","774","287"
"401","628","781","286"
"402","635","785","287"
"403","826","791","394"
"404","826","797","393"
"405","649","804","287"
"406","654","811","288"
"407","655","812","287"
"408","828","811","394"
"409","827","803","393"
"410","823","785","394"
"411","826","796","393"
"412","826","796","394"
"413","656","804","286"
"414","653","803","287"
"415","663","811","287"
"416","671","816","287"
"417","683","829","287"
"418","691","837","288"
"419","690","836","287"
"420","695","841","287"
"421","697","845","287"
"422","837","846","394"
"423","836","846","394"
"424","836","844","394"
"425","836","849","394"
"426","837","850","393"
"427","699","851","286"
"428","704","860","287"
"429","704","867","287"
"430","715","816","287"
"431","723","810","286"
"432","843","867","394"
"433","845","884","393"
"434","851","908","394"
"435","855","915","393"
"436","857","920","393"
"437","785","924","287"
"438","801","902","287"
"439","819","831","287"
"440","800","921","287"
"441","810","922","287"
"442","816","925","287"
"443","818","924","287"
"444","811","922","288"
"445","810","921","288"
"446","808","919","287"
"447","868","919","394"
"448","867","918","393"
"449","867","918","394"
"450","868","918","393"
"451","868","918","393"
"452","868","918","393"
"453","868","918","393"
"454","868","918","393"
"455","810","917","286"
"456","801","910","288"
"457","791","905","286"
"458","789","903","265"
"459","783","902","40"
"460","787","900","59"
"461","780","898","301"
"462","776","889","288"
"463","774","887","288"
"464","876","885","394"
"465","876","875","394"
"466","879","822","394"
"467","874","748","393"
"468","865","750","393"
"469","866","755","393"
"470","863","756","394"
"471","864","769","393"
"472","870","773","393"
"473","876","776","393"
"474","878","776","393"
"475","877","776","393"
"476","859","780","393"
"477","639","779","287"
"478","625","744","285"
"479","623","751","286"
"480","622","756","286"
"481","859","752","393"
"482","858","749","394"
"483","627","749","286"
"484","587","730","287"
"485","606","740","287"
"486","609","729","285"
"487","614","759","286"
"488","611","763","286"
"489","800","758","393"
"490","801","758","393"
"491","800","751","393"
"492","800","740","393"
"493","800","735","393"
"494","799","720","393"
"495","798","704","393"
"496","590","694","286"
"497","585","689","285"
"498","580","685","285"
"499","570","676","287"
"500","795","675","393"
"501","794","666","394"
"502","794","665","393"
"503","794","660","393"
"504","794","659","393"
"505","794","654","393"
"506","795","658","393"
"507","553","646","285"
"508","555","642","286"
"509","560","634","286"
"510","793","636","393"
"511","792","640","393"
"512","791","613","393"
"513","791","628","393"
"514","793","641","393"
"515","796","642","393"
"516","797","644","393"
"517","585","638","285"
"518","574","634","286"
"519","604","655","285"
"520","608","652","285"
"521","610","655","286"
"522","610","655","286"
"523","610","654","286"
"524","609","654","287"
"525","605","656","287"
"526","605","655","286"
"527","605","657","286"
"528","799","656","394"
"529","796","647","393"
"530","796","642","393"
"531","796","642","393"
"532","795","638","393"
"533","795","638","393"
"534","795","635","393"
"535","794","637","393"
"536","794","636","393"
"537","530","625","286"
"538","462","625","285"
"539","485","627","281"
"540","524","626","285"
"541","562","653","285"
"542","767","635","394"
"543","768","635","393"
"544","768","638","394"
"545","769","640","393"
"546","770","635","393"
"547","770","634","393"
"548","573","633","285"
"549","589","711","286"
"550","589","694","286"
"551","589","699","286"
"552","588","695","286"
"553","588","707","286"
"554","588","712","286"
"555","597","1023","288"
"556","596","1023","287"
"557","555","1023","287"
"558","769","1023","394"
"559","771","1023","394"
"560","783","1023","394"
"561","783","1023","394"
"562","584","1023","287"
"563","784","1023","394"
"564","784","1023","393"
"565","585","1023","286"
"566","580","1023","286"
"567","577","1023","287"
"568","576","1023","287"
"569","580","1023","287"
"570","579","1023","287"
"571","577","1023","287"
"572","580","1023","287"
"573","578","1023","287"
"574","576","1023","287"
"575","576","1023","287"
"576","580","1023","287"
"577","577","1023","288"
"578","553","1023","287"
"579","510","1023","288"
"580","575","1023","288"
"581","579","1023","288"
"582","578","1023","288"
"583","579","1023","287"
"584","584","1023","288"
"585","580","1023","287"
"586","578","1023","288"
"587","576","1023","288"
"588","575","1023","288"
"589","573","1023","288"
"590","572","1023","287"
"591","576","1023","288"
"592","572","1023","288"
"593","563","1023","287"
"594","572","1023","288"
"595","561","1023","287"
"596","566","1023","287"
"597","569","1023","290"
"598","573","1023","288"
"599","573","1023","288"
"600","561","1023","288"
"601","570","1023","288"
"602","574","1023","287"
"603","578","1023","288"
"604","560","1023","287"
"605","562","1023","288"
"606","784","1023","394"
"607","784","1023","394"
"608","784","1023","394"
"609","783","1023","394"
"610","783","1023","394"
"611","559","1023","287"
"612","555","1023","287"
"613","559","1023","287"
"614","560","1023","287"
"615","563","1023","288"
"616","783","1023","394"
"617","783","1023","394"
"618","783","1023","394"
"619","783","1023","394"
"620","784","1023","394"
"621","783","1023","393"
"622","536","1023","287"
"623","424","1023","287"
"624","506","1023","290"
"625","519","1023","289"
"626","424","1023","288"
"627","441","1023","288"
"628","552","1023","287"
"629","558","1023","288"
"630","832","1023","394"
"631","488","1023","287"
"632","517","1023","288"
"633","495","1023","287"
"634","575","1023","288"
"635","547","1023","288"
"636","384","1023","288"
"637","341","1023","253"
"638","283","1023","103"
"639","396","1023","287"
"640","553","1023","287"
"641","475","1023","288"
"642","363","1023","288"
"643","366","1023","288"
"644","547","1023","287"
"645","848","1023","393"
"646","848","1023","393"
"647","848","1023","393"
"648","848","1023","393"
"649","848","1023","394"
"650","848","1022","393"
"651","848","1023","393"
"652","574","1023","286"
"653","572","1023","287"
"654","568","1023","287"
"655","572","1023","287"
"656","571","1023","287"
"657","574","1023","287"
"658","572","1023","287"
"659","570","1023","287"
"660","570","1023","287"
"661","571","1023","287"
"662","570","1023","287"
"663","572","1023","287"
"664","574","1023","287"
"665","572","1023","287"
"666","571","1023","287"
"667","573","1023","288"
"668","572","1023","287"
"669","571","1023","287"
"670","571","1023","288"
"671","571","1023","287"
"672","574","1023","288"
"673","573","1023","287"
"674","573","1023","287"
"675","573","1023","287"
"676","575","1023","287"
"677","574","1023","287"
"678","573","1023","288"
"679","573","1023","288"
"680","573","1023","287"
"681","572","1023","288"
"682","562","1023","287"
"683","552","1023","288"
"684","500","1023","288"
"685","540","1023","287"
"686","555","1023","287"
"687","563","1023","288"
"688","472","1023","288"
"689","396","1023","288"
"690","510","1023","288"
"691","492","1023","288"
"692","514","1023","288"
"693","527","1021","288"
"694","538","1023","288"
"695","542","527","286"
"696","542","1023","287"
"697","535","521","286"
"698","541","659","287"
"699","512","635","287"
"700","559","691","287"
"701","484","624","287"
"702","558","689","287"
"703","571","701","287"
"704","575","706","287"
"705","571","701","287"
"706","563","642","287"
"707","849","665","394"
"708","848","654","394"
"709","849","669","394"
"710","848","664","394"
"711","844","617","394"
"712","840","280","393"
"713","841","338","393"
"714","841","334","394"
"715","353","337","237"
"716","288","450","282"
"717","359","542","286"
"718","558","691","286"
"719","566","700","287"
"720","574","702","287"
"721","575","702","287"
"722","575","701","287"
"723","575","702","287"
"724","575","701","287"
"725","577","704","287"
"726","578","705","287"
"727","578","706","287"
"728","572","700","287"
"729","541","667","287"
"730","341","476","284"
"731","318","459","280"
"732","277","400","275"
"733","240","230","203"
"734","148","101","174"
"735","138","94","158"
"736","840","108","394"
"737","840","102","394"
"738","840","85","393"
"739","171","296","229"
"740","263","351","260"
"741","259","351","254"
"742","256","344","249"
"743","256","356","249"
"744","323","457","280"
"745","404","415","272"
"746","195","261","226"
"747","180","134","181"
"748","194","122","176"
"749","201","124","172"
"750","841","119","394"
"751","840","117","394"
"752","840","115","393"
"753","840","112","393"
"754","840","110","393"
"755","840","113","393"
"756","840","116","393"
"757","840","109","393"
"758","840","139","393"
"759","840","137","393"
"760","840","144","393"
"761","843","465","393"
"762","845","592","393"
"763","848","652","393"
"764","848","652","393"
"765","848","658","393"
"766","848","658","393"
"767","848","658","393"
"768","848","658","393"
"769","848","654","393"
"770","553","678","286"
"771","386","527","284"
"772","571","699","286"
"773","509","686","286"
"774","464","632","286"
"775","460","651","286"
"776","447","651","286"
"777","489","646","287"
"778","472","644","287"
"779","495","637","286"
"780","467","601","286"
"781","464","610","286"
"782","509","654","287"
"783","562","671","287"
"784","563","670","287"
"785","557","669","287"
"786","795","672","394"
"787","795","671","393"
"788","795","674","394"
"789","795","670","393"
"790","795","670","394"
"791","795","672","393"
"792","795","675","393"
"793","795","670","393"
"794","794","669","393"
"795","794","672","393"
"796","795","669","393"
"797","793","669","393"
"798","546","669","285"
"799","554","669","285"
"800","555","669","286"
"801","563","672","287"
"802","561","669","287"
"803","561","668","286"
"804","795","668","394"
"805","796","672","393"
"806","796","670","393"
"807","796","669","393"
"808","795","669","393"
"809","564","683","286"
"810","581","706","286"
"811","581","706","286"
"812","509","643","286"
"813","425","503","285"
"814","458","530","285"
"815","422","516","286"
"816","439","516","283"
"817","440","519","285"
"818","442","523","286"
"819","785","524","393"
"820","785","521","393"
"821","784","506","393"
"822","783","448","393"
"823","783","437","393"
"824","784","490","393"
"825","784","521","394"
"826","784","517","393"
"827","436","513","284"
"828","434","512","285"
"829","433","506","283"
"830","431","491","285"
"831","421","460","283"
"832","366","329","234"
"833","274","256","203"
"834","246","242","227"
"835","248","246","226"
"836","245","241","224"
"837","235","219","190"
"838","352","323","257"
"839","255","245","227"
"840","251","241","225"
"841","776","221","394"
"842","776","235","394"
"843","775","243","393"
"844","776","238","393"
"845","776","238","393"
"846","775","230","393"
"847","776","248","393"
"848","272","222","212"
"849","247","215","199"
"850","244","214","215"
"851","248","225","209"
"852","249","227","212"
"853","333","284","240"
"854","779","281","394"
"855","777","238","393"
"856","776","185","393"
"857","776","202","393"
"858","776","206","393"
"859","776","231","393"
"860","776","228","393"
"861","776","220","393"
"862","776","221","393"
"863","776","197","393"
"864","392","172","201"
"865","228","145","163"
"866","193","142","188"
"867","194","140","178"
"868","193","137","190"
"869","190","137","188"
"870","180","115","154"
"871","166","112","180"
"872","759","121","393"
"873","775","126","393"
"874","774","126","393"
"875","775","128","394"
"876","774","127","393"
"877","774","127","393"
"878","774","127","393"
"879","774","128","393"
"880","174","120","174"
"881","238","221","204"
"882","299","369","266"
"883","776","313","393"
"884","777","345","393"
"885","776","323","393"
"886","776","300","393"
"887","462","372","247"
"888","778","293","393"
"889","451","520","283"
"890","475","598","286"
"891","569","684","286"
"892","577","698","286"
"893","580","702","287"
"894","495","702","286"
"895","362","698","287"
"896","548","697","287"
"897","429","690","287"
"898","309","640","287"
"899","284","637","286"
"900","241","641","286"
"901","338","669","285"
"902","583","673","286"
"903","578","666","286"
"904","568","662","288"
"905","561","664","286"
"906","418","658","286"
"907","308","610","285"
"908","432","599","104"
"909","432","595","46"
"910","486","612","286"
"911","472","624","285"
"912","398","658","167"
"913","423","668","49"
"914","445","681","144"
"915","477","674","67"
"916","476","666","295"
"917","469","664","293"
"918","467","669","290"
"919","454","670","285"
"920","479","674","286"
"921","540","671","285"
"922","542","674","285"
"923","543","675","286"
"924","543","675","286"
"925","541","673","286"
"926","538","668","285"
"927","541","673","286"
"928","541","671","286"
"929","542","676","286"
"930","544","674","286"
"931","541","670","286"
"932","546","679","286"
"933","546","679","286"
"934","543","673","286"
"935","542","673","287"
"936","543","673","286"
"937","543","675","286"
"938","753","669","394"
"939","804","671","394"
"940","804","674","393"
"941","804","677","393"
"942","803","673","393"
"943","803","670","393"
"944","804","678","393"
"945","804","681","393"
"946","803","679","393"
"947","803","679","393"
"948","803","676","393"
"949","803","677","393"
"950","803","679","393"
"951","540","665","286"
"952","514","623","285"
"953","559","697","286"
"954","560","695","286"
"955","560","694","286"
"956","562","697","286"
"957","558","698","286"
"958","499","648","286"
"959","413","645","286"
"960","880","650","394"
"961","891","661","393"
"962","790","671","393"
"963","791","681","393"
"964","791","655","393"
"965","791","630","393"
"966","792","651","393"
"967","548","632","285"
"968","546","627","286"
"969","547","632","286"
"970","548","625","285"
"971","546","633","286"
"972","550","642","286"
"973","550","644","286"
"974","547","637","286"
"975","547","633","286"
"976","550","635","287"
"977","546","632","286"
"978","548","636","286"
"979","549","637","286"
"980","547","628","287"
"981","792","639","394"
"982","791","650","393"
"983","791","654","393"
"984","792","682","393"
"985","792","681","393"
"986","792","684","393"
"987","792","684","393"
"988","792","683","393"
"989","792","680","393"
"990","792","682","393"
"991","791","681","393"
"992","551","672","285"
"993","550","666","286"
"994","543","669","286"
"995","537","666","286"
"996","537","669","286"
"997","538","671","286"
"998","526","671","286"
"999","431","662","116"
"1000","893","662","394"
"1001","893","669","394"
"1002","893","676","393"
"1003","892","671","394"
"1004","888","673","393"
"1005","886","674","393"
"1006","880","677","393"
"1007","881","677","393"
"1008","873","682","393"
"1009","868","681","393"
"1010","864","685","393"
"1011","868","683","393"
"1012","872","684","393"
"1013","872","686","393"
"1014","869","684","393"
"1015","870","681","393"
"1016","879","685","392"
"1017","843","684","393"
"1018","548","679","284"
"1019","547","680","284"
"1020","549","681","285"
"1021","547","677","285"
"1022","548","678","285"
"1023","547","670","285"
"1024","547","670","285"
"1025","546","665","285"
"1026","545","668","285"
"1027","546","657","286"
"1028","547","663","287"
"1029","546","660","286"
"1030","547","660","286"
"1031","545","658","286"
"1032","546","659","286"
"1033","545","660","286"
"1034","545","666","286"
"1035","532","651","286"
"1036","534","657","286"
"1037","551","673","286"
"1038","548","668","286"
"1039","550","672","286"
"1040","549","670","286"
"1041","547","667","286"
"1042","550","671","286"
"1043","549","669","286"
"1044","550","670","286"
"1045","548","668","286"
"1046","547","663","286"
"1047","547","666","286"
"1048","547","666","286"
"1049","551","671","286"
"1050","548","667","286"
"1051","564","678","286"
"1052","576","689","287"
"1053","604","754","286"
"1054","640","777","286"
"1055","637","779","286"
"1056","635","778","287"
"1057","789","779","394"
"1058","792","780","394"
"1059","791","773","393"
"1060","792","781","393"
"1061","792","782","393"
"1062","791","783","393"
"1063","792","793","393"
"1064","792","794","393"
"1065","792","794","394"
"1066","791","790","393"
"1067","695","790","285"
"1068","645","799","286"
"1069","669","790","286"
"1070","673","756","287"
"1071","708","844","286"
"1072","716","848","287"
"1073","813","846","393"
"1074","813","844","394"
"1075","812","843","393"
"1076","813","848","393"
"1077","812","848","393"
"1078","813","848","393"
"1079","815","850","393"
"1080","815","850","393"
"1081","718","848","286"
"1082","716","848","287"
"1083","714","847","287"
"1084","713","847","287"
"1085","710","845","287"
"1086","709","843","287"
"1087","711","845","287"
"1088","712","844","287"
"1089","714","845","287"
"1090","717","846","287"
"1091","814","844","393"
"1092","814","844","393"
"1093","814","844","394"
"1094","815","846","393"
"1095","815","845","393"
"1096","817","846","393"
"1097","816","846","393"
"1098","816","844","393"
"1099","707","832","286"
"1100","552","760","286"
"1101","520","617","286"
"1102","517","715","286"
"1103","532","846","286"
"1104","556","892","287"
"1105","567","899","287"
"1106","562","892","287"
"1107","554","888","287"
"1108","553","889","287"
"1109","569","910","287"
"1110","597","928","287"
"1111","593","923","287"
"1112","592","921","287"
"1113","550","913","287"
"1114","536","886","287"
"1115","529","895","287"
"1116","525","881","287"
"1117","508","866","287"
"1118","491","847","287"
"1119","452","761","287"
"1120","471","653","286"
"1121","540","650","287"
"1122","638","783","287"
"1123","704","866","288"
"1124","739","884","288"
"1125","735","883","287"
"1126","679","864","287"
"1127","588","707","287"
"1128","549","671","287"
"1129","550","674","287"
"1130","543","664","287"
"1131","536","654","287"
"1132","539","659","287"
"1133","537","656","287"
"1134","536","654","287"
"1135","539","660","287"
"1136","536","655","287"
"1137","537","655","287"
"1138","537","657","287"
"1139","538","655","287"
"1140","547","664","287"
"1141","552","686","287"
"1142","545","665","287"
"1143","546","666","287"
"1144","361","463","284"
"1145","296","343","253"
"1146","234","314","242"
"1147","230","323","239"
"1148","213","298","240"
"1149","185","285","236"
"1150","184","287","228"
"1151","182","285","227"
"1152","181","281","229"
"1153","181","273","229"
"1154","180","257","218"
"1155","180","259","225"
"1156","179","255","226"
"1157","184","259","211"
"1158","194","260","214"
"1159","178","264","212"
"1160","188","291","241"
"1161","329","454","282"
"1162","290","340","256"
"1163","225","237","216"
"1164","748","101","394"
"1165","748","91","394"
"1166","177","60","157"
"1167","119","54","133"
"1168","110","50","135"
"1169","99","40","137"
"1170","744","44","394"
"1171","748","47","394"
"1172","747","48","394"
"1173","747","49","394"
"1174","747","48","394"
"1175","747","48","394"
"1176","747","46","394"
"1177","747","47","394"
"1178","112","42","154"
"1179","97","43","140"
"1180","115","62","129"
"1181","167","164","183"
"1182","301","428","271"
"1183","463","556","286"
"1184","456","574","286"
"1185","441","574","286"
"1186","448","601","287"
"1187","478","643","287"
"1188","388","573","286"
"1189","345","454","283"
"1190","371","498","285"
"1191","539","671","287"
"1192","559","702","287"
"1193","560","699","288"
"1194","558","695","287"
"1195","549","690","287"
"1196","482","647","287"
"1197","534","674","287"
"1198","539","680","287"
"1199","537","677","287"
"1200","547","686","287"
"1201","544","683","288"
"1202","490","646","287"
"1203","497","652","287"
"1204","506","657","288"
"1205","528","630","287"
"1206","516","664","287"
"1207","506","620","287"
"1208","444","561","287"
"1209","437","546","286"
"1210","420","558","287"
"1211","479","634","287"
"1212","723","887","288"
"1213","731","888","288"
"1214","730","888","288"
"1215","727","887","287"
"1216","730","887","288"
"1217","816","884","394"
"1218","815","884","394"
"1219","817","886","394"
"1220","818","888","394"
"1221","818","889","394"
"1222","754","909","287"
"1223","756","912","288"
"1224","754","911","287"
"1225","758","910","287"
"1226","746","908","287"
"1227","820","882","394"
"1228","813","867","394"
"1229","803","830","394"
"1230","800","816","394"
"1231","800","818","393"
"1232","667","819","287"
"1233","667","819","286"
"1234","668","820","287"
"1235","669","820","287"
"1236","669","819","287"
"1237","801","819","394"
"1238","800","821","393"
"1239","801","820","394"
"1240","800","820","394"
"1241","666","819","287"
"1242","668","821","287"
"1243","667","819","287"
"1244","669","820","288"
"1245","667","819","288"
"1246","672","824","287"
"1247","671","822","287"
"1248","671","823","287"
"1249","670","823","287"
"1250","668","823","287"
"1251","802","818","394"
"1252","806","813","394"
"1253","805","835","394"
"1254","821","884","393"
"1255","820","891","394"
"1256","820","896","394"
"1257","818","888","394"
"1258","726","888","286"
"1259","751","907","287"
"1260","787","925","288"
"1261","802","933","287"
"1262","848","932","394"
"1263","848","932","394"
"1264","848","932","394"
"1265","848","932","393"
"1266","848","933","394"
"1267","847","932","393"
"1268","847","932","394"
"1269","847","932","394"
"1270","845","930","394"
"1271","838","925","394"
"1272","839","924","394"
"1273","839","923","393"
"1274","839","923","394"
"1275","839","923","393"
"1276","835","918","393"
"1277","825","899","394"
"1278","807","855","393"
"1279","769","666","393"
"1280","512","617","286"
"1281","493","650","286"
"1282","524","672","286"
"1283","541","681","286"
"1284","542","682","286"
"1285","541","681","287"
"1286","529","658","287"
"1287","544","686","287"
"1288","549","690","287"
"1289","547","687","287"
"1290","548","686","287"
"1291","549","687","287"
"1292","550","689","287"
"1293","548","687","287"
"1294","549","687","287"
"1295","550","689","287"
"1296","550","689","286"
"1297","551","691","287"
"1298","552","691","287"
"1299","549","687","287"
"1300","552","692","287"
"1301","550","688","287"
"1302","551","691","287"
"1303","549","688","287"
"1304","549","687","287"
"1305","549","689","287"
"1306","546","687","287"
"1307","519","653","288"
"1308","516","650","287"
"1309","768","635","395"
"1310","769","595","394"
"1311","770","639","394"
"1312","769","633","394"
"1313","467","592","285"
"1314","353","575","283"
"1315","386","580","286"
"1316","466","587","287"
"1317","700","646","394"
"1318","707","651","394"
"1319","707","630","394"
"1320","495","536","285"
"1321","514","558","286"
"1322","751","582","394"
"1323","753","594","394"
"1324","751","634","394"
"1325","746","590","393"
"1326","748","628","393"
"1327","749","631","394"
"1328","749","639","394"
"1329","750","648","393"
"1330","750","645","393"
"1331","750","659","393"
"1332","751","662","393"
"1333","751","660","393"
"1334","751","661","393"
"1335","751","667","393"
"1336","750","664","394"
"1337","548","656","285"
"1338","553","659","285"
"1339","556","664","286"
"1340","556","666","286"
"1341","552","660","286"
"1342","555","665","286"
"1343","551","657","286"
"1344","552","656","287"
"1345","510","599","286"
"1346","556","666","286"
"1347","752","655","394"
"1348","752","639","394"
"1349","534","600","286"
"1350","574","693","288"
"1351","575","694","288"
"1352","571","688","287"
"1353","572","689","287"
"1354","571","687","287"
"1355","570","686","287"
"1356","571","688","287"
"1357","570","688","287"
"1358","570","687","287"
"1359","571","688","287"
"1360","573","692","287"
"1361","572","690","289"
"1362","573","691","287"
"1363","570","688","287"
"1364","571","688","287"
"1365","573","690","287"
"1366","570","687","287"
"1367","570","686","287"
"1368","569","685","287"
"1369","572","688","287"
"1370","573","690","287"
"1371","572","690","287"
"1372","572","690","287"
"1373","569","686","288"
"1374","569","686","287"
"1375","569","687","287"
"1376","569","687","287"
"1377","570","687","287"
"1378","570","687","287"
"1379","570","687","288"
"1380","570","687","287"
"1381","573","691","288"
"1382","572","689","287"
"1383","573","692","287"
"1384","570","687","287"
"1385","570","687","287"
"1386","570","687","287"
"1387","571","687","287"
"1388","571","689","288"
"1389","570","687","287"
"1390","573","691","287"
"1391","570","687","287"
"1392","569","687","287"
"1393","572","691","287"
"1394","570","687","288"
"1395","571","688","287"
"1396","571","686","287"
"1397","570","684","288"
"1398","570","684","287"
"1399","570","684","288"
"1400","570","684","287"
"1401","572","687","287"
"1402","571","688","287"
"1403","570","684","287"
"1404","573","689","287"
"1405","570","685","287"
"1406","573","689","287"
"1407","570","685","287"
"1408","573","688","287"
"1409","571","688","287"
"1410","570","685","287"
"1411","573","689","287"
"1412","571","687","288"
"1413","571","686","287"
"1414","573","690","288"
"1415","571","686","287"
"1416","570","686","288"
"1417","571","686","287"
"1418","570","685","287"
"1419","570","685","287"
"1420","561","632","287"
"1421","552","587","287"
"1422","752","596","394"
"1423","752","613","394"
"1424","752","616","394"
"1425","752","625","394"
"1426","752","651","393"
"1427","565","682","287"
"1428","570","688","287"
"1429","570","687","287"
"1430","570","688","287"
"1431","570","687","287"
"1432","573","692","287"
"1433","571","687","287"
"1434","568","685","287"
"1435","526","647","287"
"1436","520","644","287"
"1437","626","779","288"
"1438","643","795","288"
"1439","638","789","287"
"1440","628","772","287"
"1441","629","774","287"
"1442","631","777","287"
"1443","627","773","287"
"1444","629","775","288"
"1445","629","774","288"
"1446","629","774","287"
"1447","628","774","287"
"1448","631","777","287"
"1449","628","774","288"
"1450","630","776","287"
"1451","630","775","288"
"1452","631","776","288"
"1453","628","774","287"
"1454","631","776","287"
"1455","629","774","287"
"1456","629","774","287"
"1457","630","776","288"
"1458","629","774","287"
"1459","629","774","288"
"1460","629","775","287"
"1461","629","775","288"
"1462","628","774","288"
"1463","628","774","287"
"1464","628","773","287"
"1465","628","774","287"
"1466","628","774","288"
"1467","631","776","288"
"1468","628","774","287"
"1469","629","774","288"
"1470","628","773","288"
"1471","628","773","288"
"1472","629","774","288"
"1473","628","774","287"
"1474","630","775","287"
"1475","629","774","288"
"1476","631","776","288"
"1477","628","773","288"
"1478","628","773","288"
"1479","628","774","287"
"1480","631","776","288"
"1481","629","774","288"
"1482","631","776","288"
"1483","631","776","287"
"1484","628","773","288"
"1485","628","773","288"
"1486","629","773","287"
"1487","629","774","288"
"1488","629","775","288"
"1489","628","774","287"
"1490","624","772","288"
"1491","629","775","287"
"1492","627","774","288"
"1493","598","680","288"
"1494","608","631","287"
"1495","763","544","394"
"1496","762","495","394"
"1497","624","761","287"
"1498","630","776","287"
"1499","628","774","288"
"1500","628","774","287"
"1501","631","776","287"
"1502","628","774","288"
"1503","627","773","287"
"1504","596","686","288"
"1505","570","656","287"
"1506","575","704","287"
"1507","615","737","287"
"1508","767","764","393"
"1509","767","764","394"
"1510","767","764","393"
"1511","767","766","394"
"1512","767","764","393"
"1513","619","765","286"
"1514","621","767","287"
"1515","619","765","287"
"1516","619","764","287"
"1517","768","766","394"
"1518","767","766","393"
"1519","629","757","286"
